[
  {
    "name": "Monthly ADPU",
    "cluster": "Unassigned",
    "definition": "",
    "formula": "",
    "measureUnit": "",
    "evaluationRule": "",
    "frequency": "",
    "outputSource": "",
    "perimeter": "",
    "notes": "",
    "improvementDirection": "",
    "tags": []
  },
  {
    "name": "Women Salaried",
    "cluster": "People",
    "definition": "",
    "formula": "",
    "measureUnit": "",
    "evaluationRule": "",
    "frequency": "",
    "outputSource": "",
    "perimeter": "",
    "notes": "",
    "improvementDirection": "",
    "tags": []
  },
  {
    "name": "Women Hourly",
    "cluster": "People",
    "definition": "",
    "formula": "",
    "measureUnit": "",
    "evaluationRule": "",
    "frequency": "",
    "outputSource": "",
    "perimeter": "",
    "notes": "",
    "improvementDirection": "",
    "tags": []
  },
  {
    "name": "Women Leadership",
    "cluster": "People",
    "definition": "",
    "formula": "",
    "measureUnit": "",
    "evaluationRule": "",
    "frequency": "",
    "outputSource": "",
    "perimeter": "",
    "notes": "",
    "improvementDirection": "",
    "tags": []
  },
  {
    "name": "Disable",
    "cluster": "People",
    "definition": "",
    "formula": "",
    "measureUnit": "",
    "evaluationRule": "",
    "frequency": "",
    "outputSource": "",
    "perimeter": "",
    "notes": "",
    "improvementDirection": "",
    "tags": []
  },
  {
    "name": "NPS Manager",
    "cluster": "People",
    "definition": "",
    "formula": "",
    "measureUnit": "",
    "evaluationRule": "",
    "frequency": "",
    "outputSource": "",
    "perimeter": "",
    "notes": "",
    "improvementDirection": "",
    "tags": []
  },
  {
    "name": "Total Waste",
    "cluster": "Unassigned",
    "definition": "//cnhisparc.processmap.com/home/ (SPARC GUIDELINE “001SPARC_LO_Waste_Upd05_20180702.pdf)",
    "formula": "",
    "measureUnit": "",
    "evaluationRule": "",
    "frequency": "",
    "outputSource": "",
    "perimeter": "",
    "notes": "",
    "improvementDirection": "",
    "tags": []
  }
]